Campagne,Advertentiegroep,Zoekwoord,Zoektype,Max. CPC,Status
Search | Generiek | Tattoo stijlen | Japans | €400 p.m.,Japans,japanse tattoo,Zinsdeel,0.20,Ingeschakeld
Search | Generiek | Tattoo stijlen | Japans | €400 p.m.,Japans,japanse tattoos,Exact,0.20,Ingeschakeld
Search | Generiek | Tattoo stijlen | Japans | €400 p.m.,Japans,japanse tatoeage,Exact,0.20,Ingeschakeld
Search | Generiek | Tattoo stijlen | Japans | €400 p.m.,Japans,japanse stijl tattoo,Exact,0.20,Ingeschakeld
Search | Generiek | Tattoo stijlen | Japans | €400 p.m.,Japans,japanse stijl tattoo nederland,Exact,0.20,Ingeschakeld
Search | Generiek | Tattoo stijlen | Japans | €400 p.m.,Japans,japanse tattoo artiest nederland,Exact,0.20,Ingeschakeld
Search | Generiek | Tattoo stijlen | Japans | €400 p.m.,Japans,japanse tattoo nederland,Exact,0.20,Ingeschakeld
Search | Generiek | Tattoo stijlen | Japans | €400 p.m.,Japans,japanse tattoo style,Exact,0.20,Ingeschakeld
Search | Generiek | Tattoo stijlen | Japans | €400 p.m.,Japans,tattoo japanse stijl,Exact,0.73,Ingeschakeld
Search | Generiek | Tattoo stijlen | Japans | €400 p.m.,Japans,traditionele japanse tattoo,Exact,0.20,Ingeschakeld
Search | Generiek | Tattoo stijlen | Japans | €400 p.m.,Japans,japanese tattoo,Exact,0.20,Ingeschakeld
Search | Generiek | Tattoo stijlen | Japans | €400 p.m.,Japans,japanese tattoo netherlands,Exact,0.20,Ingeschakeld

Search | Generiek | Tattoo stijlen | Japans | €400 p.m.,Japans - Studio & Laten Zetten,japanse tattoo studio,Exact,0.25,Ingeschakeld
Search | Generiek | Tattoo stijlen | Japans | €400 p.m.,Japans - Studio & Laten Zetten,japanse tattoo studio nederland,Exact,0.25,Ingeschakeld
Search | Generiek | Tattoo stijlen | Japans | €400 p.m.,Japans - Studio & Laten Zetten,japanse tattoo laten zetten,Exact,0.30,Ingeschakeld
Search | Generiek | Tattoo stijlen | Japans | €400 p.m.,Japans - Studio & Laten Zetten,japanse tatoeage laten zetten,Exact,0.30,Ingeschakeld
Search | Generiek | Tattoo stijlen | Japans | €400 p.m.,Japans - Studio & Laten Zetten,japanse tattoo zetten,Exact,0.25,Ingeschakeld
Search | Generiek | Tattoo stijlen | Japans | €400 p.m.,Japans - Studio & Laten Zetten,japanse tattoo artiest,Exact,0.25,Ingeschakeld
Search | Generiek | Tattoo stijlen | Japans | €400 p.m.,Japans - Studio & Laten Zetten,japanse tattoo kunstenaar,Exact,0.20,Ingeschakeld
Search | Generiek | Tattoo stijlen | Japans | €400 p.m.,Japans - Studio & Laten Zetten,beste japanse tattoo artiest nederland,Exact,0.35,Ingeschakeld
Search | Generiek | Tattoo stijlen | Japans | €400 p.m.,Japans - Studio & Laten Zetten,japanse tattoo specialisatie,Exact,0.20,Ingeschakeld
Search | Generiek | Tattoo stijlen | Japans | €400 p.m.,Japans - Studio & Laten Zetten,tattoo studio japanse stijl,Exact,0.25,Ingeschakeld

Search | Generiek | Tattoo stijlen | Japans | €400 p.m.,Japans - Sleeve & Groot,japanse sleeve tattoo,Exact,0.30,Ingeschakeld
Search | Generiek | Tattoo stijlen | Japans | €400 p.m.,Japans - Sleeve & Groot,japanse full sleeve tattoo,Exact,0.30,Ingeschakeld
Search | Generiek | Tattoo stijlen | Japans | €400 p.m.,Japans - Sleeve & Groot,japanse half sleeve tattoo,Exact,0.30,Ingeschakeld
Search | Generiek | Tattoo stijlen | Japans | €400 p.m.,Japans - Sleeve & Groot,japanse rug tattoo,Exact,0.25,Ingeschakeld
Search | Generiek | Tattoo stijlen | Japans | €400 p.m.,Japans - Sleeve & Groot,japanse backpiece tattoo,Exact,0.25,Ingeschakeld
Search | Generiek | Tattoo stijlen | Japans | €400 p.m.,Japans - Sleeve & Groot,japanse borst tattoo,Exact,0.25,Ingeschakeld
Search | Generiek | Tattoo stijlen | Japans | €400 p.m.,Japans - Sleeve & Groot,japanse arm tattoo,Exact,0.20,Ingeschakeld
Search | Generiek | Tattoo stijlen | Japans | €400 p.m.,Japans - Sleeve & Groot,full back japanse tattoo,Exact,0.30,Ingeschakeld

Search | Generiek | Tattoo stijlen | Japans | €400 p.m.,Irezumi,irezumi tattoo,Exact,0.20,Ingeschakeld
Search | Generiek | Tattoo stijlen | Japans | €400 p.m.,Irezumi,irezumi tattoos,Exact,0.20,Ingeschakeld
Search | Generiek | Tattoo stijlen | Japans | €400 p.m.,Irezumi,irezumi tattoo nederland,Exact,0.20,Ingeschakeld
Search | Generiek | Tattoo stijlen | Japans | €400 p.m.,Irezumi,irezumi tattoo artiest,Exact,0.25,Ingeschakeld
Search | Generiek | Tattoo stijlen | Japans | €400 p.m.,Irezumi,japanse irezumi tattoo,Exact,0.20,Ingeschakeld
Search | Generiek | Tattoo stijlen | Japans | €400 p.m.,Irezumi,traditionele irezumi tattoo,Exact,0.25,Ingeschakeld
Search | Generiek | Tattoo stijlen | Japans | €400 p.m.,Irezumi,irezumi studio,Exact,0.20,Ingeschakeld
Search | Generiek | Tattoo stijlen | Japans | €400 p.m.,Irezumi,irezumi laten zetten,Exact,0.25,Ingeschakeld
Search | Generiek | Tattoo stijlen | Japans | €400 p.m.,Irezumi,irezumi kunstenaar nederland,Exact,0.25,Ingeschakeld
Search | Generiek | Tattoo stijlen | Japans | €400 p.m.,Irezumi,tebori tattoo,Exact,0.20,Ingeschakeld
Search | Generiek | Tattoo stijlen | Japans | €400 p.m.,Irezumi,tebori tattoo nederland,Exact,0.20,Ingeschakeld

Search | Generiek | Tattoo stijlen | Japans | €400 p.m.,Koi Tattoo,koi tattoo,Exact,0.25,Ingeschakeld
Search | Generiek | Tattoo stijlen | Japans | €400 p.m.,Koi Tattoo,koi vis tattoo,Exact,0.25,Ingeschakeld
Search | Generiek | Tattoo stijlen | Japans | €400 p.m.,Koi Tattoo,koi tattoo japans,Exact,0.25,Ingeschakeld
Search | Generiek | Tattoo stijlen | Japans | €400 p.m.,Koi Tattoo,koi tatoeage,Exact,0.20,Ingeschakeld
Search | Generiek | Tattoo stijlen | Japans | €400 p.m.,Koi Tattoo,koi tattoo nederland,Exact,0.25,Ingeschakeld
Search | Generiek | Tattoo stijlen | Japans | €400 p.m.,Koi Tattoo,koi tattoo laten zetten,Exact,0.30,Ingeschakeld
Search | Generiek | Tattoo stijlen | Japans | €400 p.m.,Koi Tattoo,japanse koi tattoo,Exact,0.25,Ingeschakeld
Search | Generiek | Tattoo stijlen | Japans | €400 p.m.,Koi Tattoo,koi fish tattoo,Exact,0.20,Ingeschakeld
Search | Generiek | Tattoo stijlen | Japans | €400 p.m.,Koi Tattoo,koi sleeve tattoo,Exact,0.30,Ingeschakeld

Search | Generiek | Tattoo stijlen | Japans | €400 p.m.,Draak & Oni Tattoo,japanse draak tattoo,Exact,0.25,Ingeschakeld
Search | Generiek | Tattoo stijlen | Japans | €400 p.m.,Draak & Oni Tattoo,japanese dragon tattoo,Exact,0.25,Ingeschakeld
Search | Generiek | Tattoo stijlen | Japans | €400 p.m.,Draak & Oni Tattoo,draak tattoo japans,Exact,0.25,Ingeschakeld
Search | Generiek | Tattoo stijlen | Japans | €400 p.m.,Draak & Oni Tattoo,draak tatoeage japans,Exact,0.20,Ingeschakeld
Search | Generiek | Tattoo stijlen | Japans | €400 p.m.,Draak & Oni Tattoo,oni tattoo,Exact,0.20,Ingeschakeld
Search | Generiek | Tattoo stijlen | Japans | €400 p.m.,Draak & Oni Tattoo,oni masker tattoo,Exact,0.25,Ingeschakeld
Search | Generiek | Tattoo stijlen | Japans | €400 p.m.,Draak & Oni Tattoo,oni tattoo japans,Exact,0.20,Ingeschakeld
Search | Generiek | Tattoo stijlen | Japans | €400 p.m.,Draak & Oni Tattoo,hannya tattoo,Exact,0.20,Ingeschakeld
Search | Generiek | Tattoo stijlen | Japans | €400 p.m.,Draak & Oni Tattoo,hannya masker tattoo,Exact,0.20,Ingeschakeld
Search | Generiek | Tattoo stijlen | Japans | €400 p.m.,Draak & Oni Tattoo,hannya tattoo nederland,Exact,0.20,Ingeschakeld

Search | Generiek | Tattoo stijlen | Japans | €400 p.m.,Sakura & Natuur Tattoo,sakura tattoo,Exact,0.20,Ingeschakeld
Search | Generiek | Tattoo stijlen | Japans | €400 p.m.,Sakura & Natuur Tattoo,kersenbloesem tattoo,Exact,0.20,Ingeschakeld
Search | Generiek | Tattoo stijlen | Japans | €400 p.m.,Sakura & Natuur Tattoo,japanse kersenbloesem tattoo,Exact,0.25,Ingeschakeld
Search | Generiek | Tattoo stijlen | Japans | €400 p.m.,Sakura & Natuur Tattoo,sakura tattoo japans,Exact,0.20,Ingeschakeld
Search | Generiek | Tattoo stijlen | Japans | €400 p.m.,Sakura & Natuur Tattoo,japanse bloem tattoo,Exact,0.20,Ingeschakeld
Search | Generiek | Tattoo stijlen | Japans | €400 p.m.,Sakura & Natuur Tattoo,pioen tattoo japans,Exact,0.20,Ingeschakeld
Search | Generiek | Tattoo stijlen | Japans | €400 p.m.,Sakura & Natuur Tattoo,chrysant tattoo japans,Exact,0.20,Ingeschakeld
Search | Generiek | Tattoo stijlen | Japans | €400 p.m.,Sakura & Natuur Tattoo,wave tattoo japans,Exact,0.20,Ingeschakeld
Search | Generiek | Tattoo stijlen | Japans | €400 p.m.,Sakura & Natuur Tattoo,grote golf tattoo,Exact,0.20,Ingeschakeld
Search | Generiek | Tattoo stijlen | Japans | €400 p.m.,Sakura & Natuur Tattoo,hokusai tattoo,Exact,0.20,Ingeschakeld

Search | Generiek | Tattoo stijlen | Japans | €400 p.m.,Foo Dog & Tiger Tattoo,foo dog tattoo,Exact,0.20,Ingeschakeld
Search | Generiek | Tattoo stijlen | Japans | €400 p.m.,Foo Dog & Tiger Tattoo,japanse tijger tattoo,Exact,0.25,Ingeschakeld
Search | Generiek | Tattoo stijlen | Japans | €400 p.m.,Foo Dog & Tiger Tattoo,tora tattoo,Exact,0.20,Ingeschakeld
Search | Generiek | Tattoo stijlen | Japans | €400 p.m.,Foo Dog & Tiger Tattoo,japanese tiger tattoo,Exact,0.20,Ingeschakeld
Search | Generiek | Tattoo stijlen | Japans | €400 p.m.,Foo Dog & Tiger Tattoo,japanse leeuw tattoo,Exact,0.20,Ingeschakeld
Search | Generiek | Tattoo stijlen | Japans | €400 p.m.,Foo Dog & Tiger Tattoo,shishi tattoo,Exact,0.20,Ingeschakeld
Search | Generiek | Tattoo stijlen | Japans | €400 p.m.,Foo Dog & Tiger Tattoo,japanse feniks tattoo,Exact,0.25,Ingeschakeld
Search | Generiek | Tattoo stijlen | Japans | €400 p.m.,Foo Dog & Tiger Tattoo,ho-oh tattoo,Exact,0.20,Ingeschakeld
Search | Generiek | Tattoo stijlen | Japans | €400 p.m.,Foo Dog & Tiger Tattoo,japanse vogel tattoo,Exact,0.20,Ingeschakeld
